id_patient,name,firstname,email,password,age,height,sex,birthdate
1,Cammie,Gonzalez,cammiegonzalez@wanayou.com,zGoa1ez6ln,23,172.0,M,1998-09-14 10:14:17
2,Matthew,Fudge,matthewfudge@wanayou.com,Fud7g8e,22,184.0,F,1999-10-28 13:44:45
3,Jennifer,Neal,jenniferneal@wanayou.com,48leNa3,22,168.0,M,1999-05-22 17:08:48
4,Rob,Hollis,robhollis@wanayou.com,sH7l6lio,26,184.0,M,1995-09-25 06:22:32
5,Shannon,Richardson,shannonrichardson@wanayou.com,1os9rRcidhna,24,181.0,F,1997-04-19 08:14:32
6,Charles,Christmas,charleschristmas@wanayou.com,1msr1thai9Cs,24,190.0,F,1997-04-28 13:10:28
7,Willie,Jackson,williejackson@wanayou.com,94so3nackJ,26,177.0,M,1995-05-24 06:22:28
8,Henry,Klein,henryklein@wanayou.com,eK9n2l4i,25,184.0,M,1996-02-24 13:35:16
9,Billy,Torres,billytorres@wanayou.com,eTr6s2o1r,25,188.0,M,1996-09-09 17:42:51
10,Jeffrey,Grace,jeffreygrace@wanayou.com,2eca8G9r,23,187.0,M,1998-10-28 15:23:26
11,Gabriel,Niemi,gabrielniemi@wanayou.com,42iNim9e,26,189.0,M,1995-12-29 08:34:47
12,Wilbert,Keaton,wilbertkeaton@wanayou.com,n4K6eota8,27,193.0,F,1994-08-12 04:23:19
13,William,Nguyen,williamnguyen@wanayou.com,74guny7Ne,32,177.0,F,1989-07-10 21:28:12
14,Vicki,Downes,vickidownes@wanayou.com,Dwo7e6sn5,30,181.0,M,1991-12-27 03:27:16
15,Pamala,Bocchi,pamalabocchi@wanayou.com,co26ichB,35,177.0,F,1986-01-22 14:56:56
16,Henrietta,Colson,henriettacolson@wanayou.com,sC4l0o1on,35,168.0,F,1986-03-28 18:08:21
17,Ann,Jones,annjones@wanayou.com,enos4J87,34,180.0,M,1987-09-10 03:46:38
18,Adam,Johnson,adamjohnson@wanayou.com,Jo7nh7s2on,32,180.0,M,1989-03-10 08:19:40
19,Brandon,Nail,brandonnail@wanayou.com,73lNia7,28,172.0,M,1993-12-06 00:28:24
20,Donna,Joseph,donnajoseph@wanayou.com,oJ0ph5es,33,187.0,M,1988-03-09 22:02:25
21,Francisco,Peterson,franciscopeterson@wanayou.com,e1sen1tP5or,28,173.0,M,1993-04-13 02:40:56
22,Maria,Frilling,mariafrilling@wanayou.com,rili3F8ng8l,28,177.0,F,1993-05-25 02:43:26
23,Alicia,Whitt,aliciawhitt@wanayou.com,4htWi1t,31,173.0,M,1990-06-29 07:22:27
24,Kum,Grimm,kumgrimm@wanayou.com,imrG1m4,32,178.0,F,1989-08-11 04:17:36
25,Ray,Motyka,raymotyka@wanayou.com,9k5oaMt9y,28,172.0,F,1993-08-09 09:08:49
26,Phyllis,Shelton,phyllisshelton@wanayou.com,S7tnel1ho,27,182.0,M,1994-08-23 01:58:38
27,Kristie,Schoonover,kristieschoonover@wanayou.com,Soev7oo8hcnr,34,171.0,M,1987-11-27 11:35:33
28,Crystal,White,crystalwhite@wanayou.com,e581thWi,31,171.0,F,1990-03-12 04:15:50
29,Arturo,Maldanado,arturomaldanado@wanayou.com,adda57oa3nMl,27,164.0,M,1994-05-05 15:57:22
30,Carolyn,Wood,carolynwood@wanayou.com,W52o4do,29,175.0,M,1992-04-05 09:49:19
31,Jeffrey,Sullivan,jeffreysullivan@wanayou.com,nulSa225lvi,32,187.0,F,1989-05-21 19:56:38
32,Robert,Braden,robertbraden@wanayou.com,Bdr357ean,29,181.0,F,1992-04-24 01:18:06
33,Joann,Clark,joannclark@wanayou.com,6ak0l8rC,27,181.0,M,1994-04-07 21:33:10
34,Betty,Moore,bettymoore@wanayou.com,55rooM5e,41,180.0,M,1980-12-04 15:32:54
35,Kenneth,Guertin,kennethguertin@wanayou.com,uGnei5r4t2,41,187.0,F,1980-09-17 11:25:17
36,Eddie,Lyster,eddielyster@wanayou.com,yet6rs9L5,49,165.0,F,1972-10-09 03:20:49
37,Paul,Welke,paulwelke@wanayou.com,eWlk39e0,40,178.0,F,1981-05-01 15:05:52
38,Addie,Rowe,addierowe@wanayou.com,1ewRo81,50,173.0,M,1971-07-12 03:31:10
39,William,Easley,williameasley@wanayou.com,5El94ysea,46,184.0,M,1975-08-28 15:44:20
40,James,Berg,jamesberg@wanayou.com,e370Bgr,50,170.0,M,1971-12-13 16:31:09
41,Lisa,Tufte,lisatufte@wanayou.com,1T8tue3f,45,175.0,F,1976-07-23 11:29:20
42,Natasha,Wilson,natashawilson@wanayou.com,io6s88nlW,44,75.0,F,1977-04-02 00:27:48
43,Janine,Clay,janineclay@wanayou.com,9lyC7a6,48,178.0,F,1973-08-19 15:46:18
44,Thomas,Cryer,thomascryer@wanayou.com,Cr6y2re8,41,182.0,M,1980-02-13 11:47:00
45,Jill,White,jillwhite@wanayou.com,e9i0hWt2,39,173.0,F,1982-07-28 14:35:17
46,Brian,Fudge,brianfudge@wanayou.com,ued9gF46,43,186.0,M,1978-11-16 06:34:00
47,Patrick,Baird,patrickbaird@wanayou.com,dr9ai12B,40,171.0,F,1981-03-14 10:16:45
48,William,Ramirez,williamramirez@wanayou.com,eamz22R7ir,39,181.0,M,1982-05-09 12:15:47
49,Patricia,Dingell,patriciadingell@wanayou.com,0lgi8Dln3e,45,174.0,F,1976-05-30 22:53:16
50,Sandra,Flores,sandraflores@wanayou.com,sr75leF3o,47,170.0,F,1974-08-11 04:37:10
51,Gayla,Romero,gaylaromero@wanayou.com,o8oe2r3mR,47,184.0,M,1974-12-23 20:35:24
52,Candace,Perez,candaceperez@wanayou.com,4zeP4re,40,175.0,F,1981-08-07 23:45:42
53,Richard,Williams,richardwilliams@wanayou.com,imllsi81Wa,51,172.0,F,1970-02-23 00:02:34
54,Fred,Mchenry,fredmchenry@wanayou.com,Mrh8ec2yn,49,187.0,M,1972-12-26 18:20:44
55,Gayle,Mcphee,gaylemcphee@wanayou.com,6hce5Mep4,42,171.0,F,1979-06-22 18:14:19
56,Karen,Lizaola,karenlizaola@wanayou.com,3Lzi09laao,54,183.0,M,1967-08-06 06:31:11
57,Lizzie,Bledsaw,lizziebledsaw@wanayou.com,l23ws9Beda,58,173.0,F,1963-06-11 04:12:18
58,Martin,Ross,martinross@wanayou.com,9s0R0so,62,177.0,F,1959-12-19 09:52:31
59,Bertha,Fite,berthafite@wanayou.com,t1iFe86,54,180.0,F,1967-08-08 07:45:59
60,Karen,King,karenking@wanayou.com,i568gnK,61,167.0,F,1960-01-18 18:55:30
61,Clifford,Potts,cliffordpotts@wanayou.com,P60tto1s,62,186.0,F,1959-03-23 17:50:55
62,Luke,Bush,lukebush@wanayou.com,92Bush7,56,174.0,F,1965-09-07 19:15:10
63,Kevin,Johnson,kevinjohnson@wanayou.com,nooJhn717s,54,178.0,M,1967-09-14 06:22:54
64,Kurt,Foxx,kurtfoxx@wanayou.com,274Fxox,61,170.0,M,1960-03-21 18:27:34
65,Jerry,Przedwiecki,jerryprzedwiecki@wanayou.com,zicrek8ewd2Pi,57,178.0,F,1964-11-02 03:36:53
66,Eli,Samuelson,elisamuelson@wanayou.com,ueSsa8olnm70,55,171.0,M,1966-04-24 22:31:44
67,Patsy,Boothe,patsyboothe@wanayou.com,oB77oh2te,54,180.0,F,1967-10-06 04:54:49
68,William,Livingston,williamlivingston@wanayou.com,ivLg5i2tso8nn,55,182.0,F,1966-03-19 10:03:55
69,William,Davenport,williamdavenport@wanayou.com,aDtovp4n3e1r,54,176.0,M,1967-03-11 22:02:11
70,Alejandro,Beard,alejandrobeard@wanayou.com,3rBe8da8,55,182.0,F,1966-10-28 14:25:37
71,Gregory,Froelich,gregoryfroelich@wanayou.com,liohre2F1c2,62,182.0,M,1959-07-08 10:40:56
72,Latonya,Watson,latonyawatson@wanayou.com,W2nto32as,55,175.0,M,1966-01-09 07:43:54
73,Kenneth,Empie,kennethempie@wanayou.com,Eepi5m06,56,187.0,M,1965-04-05 20:20:56
74,Gonzalo,Cochran,gonzalocochran@wanayou.com,C8h9or3nca,55,163.0,F,1966-07-24 21:28:26
75,Dennis,Addis,dennisaddis@wanayou.com,0sdA7id,61,167.0,M,1960-11-18 12:25:58
76,Kelvin,Malady,kelvinmalady@wanayou.com,ay2Mal89d,61,171.0,F,1960-01-10 11:32:44
77,Christin,Templeton,christintempleton@wanayou.com,T10elm2epotn,57,177.0,M,1964-07-04 04:35:09
78,Patricia,Rasmussen,patriciarasmussen@wanayou.com,4nas9e8Rumss,69,174.0,F,1952-06-11 20:11:59
79,James,Rodriguez,jamesrodriguez@wanayou.com,i1r2uzgeoRd,81,178.0,M,1940-10-13 13:34:03
80,Inez,Chavez,inezchavez@wanayou.com,8v9ahCe7z,66,176.0,F,1955-07-29 12:55:50
81,Frank,Gordon,frankgordon@wanayou.com,2d7Gn4oor,67,172.0,M,1954-09-26 05:08:44
82,Crystal,Button,crystalbutton@wanayou.com,tu4n9Bot9,64,171.0,M,1957-06-20 16:51:59
83,Ronald,Lewis,ronaldlewis@wanayou.com,e3iL3s6w,64,185.0,M,1957-09-08 13:18:24
84,Adam,Rolfes,adamrolfes@wanayou.com,3Rsfol8e4,70,178.0,M,1951-10-09 22:16:24
85,Arminda,Bartamian,armindabartamian@wanayou.com,Birm6ataa6n7,72,176.0,M,1949-01-10 00:05:03
86,Sheila,Johnson,sheilajohnson@wanayou.com,0ns7oonh0J,67,171.0,F,1954-03-31 15:41:04
87,Lenora,Reece,lenorareece@wanayou.com,20c4eeRe,72,171.0,F,1949-08-02 20:44:47
88,Vanessa,Hartrick,vanessahartrick@wanayou.com,7ca0rtHki8r,64,167.0,M,1957-02-19 19:09:29
89,Joanna,Olson,joannaolson@wanayou.com,0lo2nO1s,46,184.0,M,1975-08-02 11:19:07
90,Chester,Salk,chestersalk@wanayou.com,S18kal2,48,185.0,M,1973-06-17 23:27:29
91,Robert,Robinson,robertrobinson@wanayou.com,oo6sn1nibR5,46,178.0,M,1975-06-08 00:11:29
92,Ernest,Moore,ernestmoore@wanayou.com,rM5o5oe3,44,177.0,M,1977-02-25 17:14:23
93,Paul,Serrano,paulserrano@wanayou.com,n8rSre60ao,47,179.0,M,1974-01-01 02:16:46
94,Pam,Jack,pamjack@wanayou.com,290Jakc,46,182.0,F,1975-04-05 12:56:46
95,Tammie,Studt,tammiestudt@wanayou.com,27dtSt3u,47,189.0,M,1974-09-03 18:01:55
96,Robert,Cohrs,robertcohrs@wanayou.com,2oCsrh15,53,197.0,F,1968-11-14 07:19:09
97,Sandy,Key,sandykey@wanayou.com,K649ey,38,186.0,M,1983-02-26 21:53:50
98,Felicia,Robles,feliciarobles@wanayou.com,5es0Ro2lb,50,169.0,F,1971-03-24 14:48:23
99,Thomas,Stice,thomasstice@wanayou.com,eiSct7,46,173.0,F,1975-02-28 21:07:55
100,Johnnie,Burr,johnnieburr@wanayou.com,B8u29rr,47,183.0,F,1974-07-10 05:28:30
101,Lisa,Bierman,lisabierman@wanayou.com,78a2Bnreim,49,187.0,F,1972-06-09 06:06:23
102,Crystal,Martinez,crystalmartinez@wanayou.com,enMt0i1rza,48,183.0,M,1973-04-11 05:57:48
103,Brian,Hardison,brianhardison@wanayou.com,Hno98dis0ra,41,181.0,M,1980-06-30 19:23:04
104,Ernesto,Smith,ernestosmith@wanayou.com,Shm8i52t,49,187.0,F,1972-10-01 09:22:31
105,Edith,Weimer,edithweimer@wanayou.com,8Wi7r6mee,43,176.0,M,1978-08-23 04:44:37
106,Dominick,Bush,dominickbush@wanayou.com,u9shB57,43,174.0,M,1978-05-15 05:02:48
107,William,Hampson,williamhampson@wanayou.com,4Hnp9aoms3,43,187.0,M,1978-07-23 01:29:35
108,Patricia,Nyquist,patricianyquist@wanayou.com,7tiy9q2suN,52,189.0,M,1969-11-01 11:16:13
109,Patricia,Fink,patriciafink@wanayou.com,ikn1F39,43,192.0,M,1978-12-04 06:23:13
110,Edna,Evans,ednaevans@wanayou.com,84savnE,40,176.0,M,1981-12-27 20:38:50
111,Frederick,Edwards,frederickedwards@wanayou.com,2wrdsd38aE,43,174.0,F,1978-11-24 03:03:09
112,Victoria,Liebl,victorialiebl@wanayou.com,e0l7ibL3,43,178.0,M,1978-02-11 18:30:50
113,Heather,Alexander,heatheralexander@wanayou.com,7lnAae6d0rex,47,178.0,M,1974-12-25 21:41:16
114,Garry,Dobos,garrydobos@wanayou.com,bosD2o2,42,178.0,M,1979-05-12 22:34:49
115,Karen,Hunter,karenhunter@wanayou.com,70ne4trHu,48,182.0,M,1973-01-18 23:02:42
116,Nellie,Lawless,nellielawless@wanayou.com,wse61sa7Ll,40,176.0,F,1981-05-17 09:06:17
117,Marsha,Real,marshareal@wanayou.com,le737Ra,48,185.0,F,1973-02-02 11:36:27
118,Jesse,Reyna,jessereyna@wanayou.com,a8n4Rye8,51,183.0,M,1970-01-23 16:42:33
119,John,Dworkin,johndworkin@wanayou.com,rn4Dw2oik0,40,188.0,M,1981-04-24 08:58:43
120,Emily,Nicholson,emilynicholson@wanayou.com,2hliconNs1o,44,184.0,M,1977-04-30 12:48:30
121,Josue,Leathers,josueleathers@wanayou.com,rah6L9es8te,52,189.0,M,1969-03-31 13:37:23
122,David,Weber,davidweber@wanayou.com,54We1erb,44,182.0,M,1977-02-28 02:25:44
123,Paul,Rooney,paulrooney@wanayou.com,o6oneyR94,40,175.0,M,1981-09-14 23:33:22
124,Ronald,Contreras,ronaldcontreras@wanayou.com,er7Cota7sr1n,47,170.0,M,1974-11-04 16:10:49
125,Christa,Andersen,christaandersen@wanayou.com,7drne6nAse2,50,169.0,M,1971-09-22 10:04:26
126,Dana,Erickson,danaerickson@wanayou.com,o4sEki8rcn1,46,170.0,M,1975-07-09 22:20:43
127,Bruce,Cesar,brucecesar@wanayou.com,a5Ce9s6r,42,175.0,F,1979-11-26 04:30:25
128,Ann,Hasty,annhasty@wanayou.com,26Hyta2s,43,172.0,F,1978-09-13 15:59:53
129,Dennis,Miller,dennismiller@wanayou.com,Mleril167,40,186.0,M,1981-02-19 05:59:32
130,Elsie,Schultz,elsieschultz@wanayou.com,Suz0hl59ct,42,177.0,M,1979-10-08 11:13:08
131,Estela,Mitchell,estelamitchell@wanayou.com,ihltleM8c47,49,182.0,F,1972-02-08 16:17:24
132,Jessica,Alvarez,jessicaalvarez@wanayou.com,l8rvz8Ae4a,40,179.0,M,1981-05-15 00:15:35
133,Louis,Anthony,louisanthony@wanayou.com,4ytnhn4oA,47,186.0,M,1974-06-28 10:50:40
134,Diana,Webster,dianawebster@wanayou.com,Wee40t9bsr,50,170.0,M,1971-07-10 10:31:41
135,David,Brown,davidbrown@wanayou.com,5oBnwr15,41,177.0,M,1980-06-13 09:25:38
136,Debra,Espinoza,debraespinoza@wanayou.com,ans5Eipoz35,44,177.0,F,1977-05-16 22:37:15
137,Natalie,Roberts,natalieroberts@wanayou.com,9eosbrR20t,39,180.0,F,1982-06-08 09:24:40
138,Steven,Royer,stevenroyer@wanayou.com,6Royr79e,43,188.0,F,1978-08-05 11:15:04
139,Bruce,Borrego,bruceborrego@wanayou.com,e71rroBog3,40,181.0,F,1981-06-27 19:10:31
140,Lamar,Flores,lamarflores@wanayou.com,Fe9l9r0so,49,190.0,M,1972-05-31 12:36:56
141,Julie,Yoshida,julieyoshida@wanayou.com,s1oai91hYd,40,180.0,M,1981-10-13 23:32:08
142,Adrienne,Martin,adriennemartin@wanayou.com,t03nir4Ma,40,177.0,F,1981-12-14 11:50:33
143,Agnes,Gunther,agnesgunther@wanayou.com,G1e8tnh8ru,52,172.0,M,1969-04-14 16:10:23
144,Audra,Haines,audrahaines@wanayou.com,6H5seian8,23,184.0,F,1998-12-29 12:53:37
145,Kimberly,Rayfield,kimberlyrayfield@wanayou.com,8fl8eyidR0a,23,197.0,M,1998-03-21 06:26:29
146,Frank,Whitmire,frankwhitmire@wanayou.com,hWit61e0rmi,24,180.0,M,1997-06-09 18:43:04
147,Charles,Duncan,charlesduncan@wanayou.com,n5aDn5cu,24,185.0,F,1997-03-25 07:37:03
148,Ernest,Colon,ernestcolon@wanayou.com,C8lno7o3,25,177.0,M,1996-04-14 18:41:02
149,Shannon,Steffes,shannonsteffes@wanayou.com,fSetef72s2,25,184.0,M,1996-07-18 09:58:00
150,Stephanie,Rann,stephanierann@wanayou.com,0na17nR,26,178.0,F,1995-07-22 17:01:37
151,Margaret,Moody,margaretmoody@wanayou.com,oM7ody,26,175.0,F,1995-05-16 09:15:46
152,Raymond,Cecilio,raymondcecilio@wanayou.com,4e9ilioC5c,26,189.0,F,1995-03-27 11:33:58
153,Lakeisha,Gibson,lakeishagibson@wanayou.com,Gn8s5i9bo,27,184.0,M,1994-05-10 15:33:44
154,Alva,Everly,alvaeverly@wanayou.com,7vl2yreE,27,171.0,F,1994-11-28 18:38:12
155,Howard,Smith,howardsmith@wanayou.com,78hSmi3t,27,187.0,M,1994-11-10 02:15:51
156,Michael,White,michaelwhite@wanayou.com,i98tWh8e,28,191.0,M,1993-03-26 02:47:29
157,Eric,Medlin,ericmedlin@wanayou.com,i7Me2ld9n,28,175.0,F,1993-01-25 08:04:32
158,Joshua,Estwick,joshuaestwick@wanayou.com,E1c7iw8tsk,28,184.0,F,1993-08-29 02:21:58
159,Judith,Michaud,judithmichaud@wanayou.com,chi9uMda9,30,175.0,F,1991-01-22 04:44:03
160,Carlos,Simon,carlossimon@wanayou.com,om18in6S,31,182.0,F,1990-10-25 19:46:26
161,Wilbur,Becerra,wilburbecerra@wanayou.com,3rc9eeBra4,31,184.0,F,1990-10-12 23:47:35
162,James,Sprouse,jamessprouse@wanayou.com,su90peS7ro,33,185.0,M,1988-04-01 11:29:50
163,Charles,Obrien,charlesobrien@wanayou.com,n9bire2O,33,175.0,F,1988-07-13 07:31:29
164,Jay,King,jayking@wanayou.com,2g5nKi,34,179.0,M,1987-06-20 19:31:43
165,Brittany,Miles,brittanymiles@wanayou.com,lesM552i,34,183.0,F,1987-01-13 11:49:57
166,Lisa,Partridge,lisapartridge@wanayou.com,dgetrPr9ia19,35,187.0,F,1986-01-28 18:52:34
167,Diane,Kohler,dianekohler@wanayou.com,rK3oehl8,35,173.0,M,1986-08-24 05:29:40
168,Willie,Fair,williefair@wanayou.com,r623aiF,35,184.0,F,1986-03-16 17:53:32
169,George,Downey,georgedowney@wanayou.com,y2e8wDn1o,35,177.0,M,1986-04-12 09:48:30
170,Donna,Wescott,donnawescott@wanayou.com,6tsectW94o,35,177.0,M,1986-12-25 02:26:17
171,James,Aichele,jamesaichele@wanayou.com,93hlAie9ce,35,172.0,M,1986-04-15 17:21:54
172,Elizabeth,Fino,elizabethfino@wanayou.com,F5on21i,35,166.0,M,1986-10-17 12:19:53
173,William,Webb,williamwebb@wanayou.com,b8e53bW,35,180.0,M,1986-03-07 12:46:31
174,Leslie,Hamel,lesliehamel@wanayou.com,a3Hmel,36,182.0,F,1985-01-27 04:39:25
175,Kevin,Felton,kevinfelton@wanayou.com,l7n4eoF7t,36,182.0,F,1985-11-08 04:30:02
176,Ignacio,Bunnell,ignaciobunnell@wanayou.com,l5nl32Bnue,37,176.0,M,1984-12-04 00:30:13
177,James,Shebby,jamesshebby@wanayou.com,be2bSyh44,37,170.0,M,1984-03-27 06:24:35
178,Alison,Schepker,alisonschepker@wanayou.com,er6p5c7ekSh,37,182.0,F,1984-12-20 17:06:10
179,Jeffrey,Tanenbaum,jeffreytanenbaum@wanayou.com,aaunemT6b4n9,38,176.0,F,1983-09-07 16:48:51
180,Mark,Moore,markmoore@wanayou.com,0oeroM04,39,189.0,M,1982-04-14 06:36:40
181,Enoch,Kosky,enochkosky@wanayou.com,oKs3k84y,39,189.0,F,1982-08-21 21:14:16
182,Carolynn,Meyer,carolynnmeyer@wanayou.com,reM643ye,40,173.0,M,1981-06-27 11:58:00
183,Bobbie,Gibbons,bobbiegibbons@wanayou.com,b0Gnsibo,40,171.0,M,1981-10-30 15:27:17
184,Terrance,Skousen,terranceskousen@wanayou.com,k8sSenu9o,40,177.0,M,1981-01-31 14:36:27
185,Mark,Hartwig,markhartwig@wanayou.com,3H6traigw,40,189.0,F,1981-03-11 10:09:14
186,Alisa,Cavaretta,alisacavaretta@wanayou.com,t7reaC9vaa7t,40,182.0,F,1981-07-02 14:15:25
187,Micah,Soto,micahsoto@wanayou.com,85So8to,41,189.0,F,1980-10-11 02:36:04
188,Alfred,Presha,alfredpresha@wanayou.com,sr49aPh2e,41,183.0,F,1980-06-23 22:33:42
189,Linda,Groomes,lindagroomes@wanayou.com,somG7r6o4e,41,184.0,F,1980-12-24 17:15:06
190,Gary,Ferree,garyferree@wanayou.com,e0ee1rr0F,41,173.0,F,1980-11-12 01:17:36
191,Caleb,Gee,calebgee@wanayou.com,2eeG2,41,176.0,M,1980-05-22 06:40:00
192,Ramon,Kleis,ramonkleis@wanayou.com,15slieK,42,193.0,F,1979-05-18 11:33:54
193,Stephen,Isaacs,stephenisaacs@wanayou.com,s5aIacs8,42,179.0,M,1979-02-02 17:49:57
194,Seth,Manus,sethmanus@wanayou.com,a95n3usM,42,190.0,M,1979-02-13 03:39:25
195,Pete,Salles,petesalles@wanayou.com,sSl2l11ae,42,185.0,F,1979-09-04 21:00:29
196,Mary,Neely,maryneely@wanayou.com,lNye03e4,42,173.0,M,1979-07-28 22:03:19
197,Barbara,Farnham,barbarafarnham@wanayou.com,hanrm9F20a,42,175.0,F,1979-04-10 09:11:58
198,Tommie,Bourgeois,tommiebourgeois@wanayou.com,o4rus7Bgi8eo,42,182.0,M,1979-12-09 00:05:09
199,Robert,Sturgis,robertsturgis@wanayou.com,g30rtiuSs3,42,185.0,F,1979-10-11 19:37:40
200,Joseph,Parker,josephparker@wanayou.com,rr9e7kaP0,43,171.0,M,1978-01-06 20:53:19
201,Clifton,Devlin,cliftondevlin@wanayou.com,6lev5niD3,43,178.0,F,1978-03-06 04:48:58
202,Bradford,Burrough,bradfordburrough@wanayou.com,r6u9hgBour8,43,176.0,M,1978-06-10 14:53:56
203,Mark,Fountain,markfountain@wanayou.com,4ito38nnauF,43,182.0,M,1978-05-10 09:30:44
204,Bonnie,Serrano,bonnieserrano@wanayou.com,ae8n1rorS0,44,188.0,F,1977-01-20 22:31:51
205,Katherine,Gatlin,katherinegatlin@wanayou.com,t24i2alGn,44,177.0,F,1977-03-16 04:24:20
206,Hattie,Larson,hattielarson@wanayou.com,Lo2nr85sa,44,185.0,M,1977-04-18 00:42:32
207,Victor,Dodd,victordodd@wanayou.com,dd8oD26,44,166.0,F,1977-03-31 03:57:00
208,Ana,Goodman,anagoodman@wanayou.com,o81dmo0naG,47,184.0,M,1974-08-06 13:41:26
209,Lorene,Leaver,loreneleaver@wanayou.com,L5ea6v6re,47,178.0,F,1974-01-17 10:20:55
210,Barbara,Allen,barbaraallen@wanayou.com,l88lA9en,47,180.0,F,1974-02-18 02:07:59
211,Jason,Romero,jasonromero@wanayou.com,42o9romeR,49,173.0,M,1972-04-12 03:49:40
212,Thomas,Smith,thomassmith@wanayou.com,tm4i72Sh,49,189.0,F,1972-01-18 16:31:17
213,Kristi,Lockwood,kristilockwood@wanayou.com,kcow1od2Lo6,49,182.0,F,1972-12-19 18:30:01
214,Annetta,Watkins,annettawatkins@wanayou.com,iat85kns9W,50,180.0,F,1971-06-04 17:24:25
215,Mary,Heling,maryheling@wanayou.com,g9ei2l1Hn,50,185.0,F,1971-05-11 07:37:26
216,Susan,Smith,susansmith@wanayou.com,292thSim,51,163.0,F,1970-06-07 07:44:30
217,Mary,Tooley,marytooley@wanayou.com,0l0e2Tooy,51,177.0,M,1970-11-01 11:03:05
218,Jessica,Johnson,jessicajohnson@wanayou.com,hnooJs5n35,51,178.0,F,1970-11-06 13:47:07
219,Samuel,Holden,samuelholden@wanayou.com,8en77Hldo,52,182.0,F,1969-02-24 04:56:17
220,Blake,Toth,blaketoth@wanayou.com,t73h3To,53,176.0,M,1968-03-31 05:29:20
221,Edward,Silverman,edwardsilverman@wanayou.com,6anielr2mvS2,54,179.0,F,1967-09-07 01:55:04
222,Susan,Dragich,susandragich@wanayou.com,ir12acD5gh,54,184.0,F,1967-09-03 16:59:30
223,Michael,Wasson,michaelwasson@wanayou.com,Wn8oas8s2,54,171.0,M,1967-02-10 03:30:49
224,Eric,Mcknight,ericmcknight@wanayou.com,7hi9ngcMtk7,55,171.0,F,1966-05-11 01:58:31
225,Matthew,Mcdaniel,matthewmcdaniel@wanayou.com,Mdecln5a70i,55,175.0,F,1966-07-14 17:09:25
226,Antonio,Murray,antoniomurray@wanayou.com,auyM0rr66,55,170.0,M,1966-11-03 03:09:36
227,Mary,Wilkison,marywilkison@wanayou.com,Wilk30isn8o,55,173.0,F,1966-08-04 09:09:45
228,Tina,Miller,tinamiller@wanayou.com,le94ir3Ml,55,189.0,M,1966-02-27 09:34:38
229,Mike,Shannon,mikeshannon@wanayou.com,6nnn50Soah,56,177.0,F,1965-05-16 23:34:47
230,Troy,Durkee,troydurkee@wanayou.com,7er3uD3ek,56,174.0,F,1965-08-12 13:28:26
231,Jerome,Noto,jeromenoto@wanayou.com,3Nt94oo,57,167.0,M,1964-01-01 01:35:00
232,Joyce,Cosby,joycecosby@wanayou.com,Cosb4y22,57,182.0,F,1964-09-20 16:53:56
233,Ruben,Lasater,rubenlasater@wanayou.com,aLate29rs8,58,182.0,F,1963-06-06 14:09:40
234,Jena,Mccormack,jenamccormack@wanayou.com,rmM5ao4k0ccc,58,171.0,F,1963-10-16 02:39:34
235,Heather,Nichols,heathernichols@wanayou.com,Nl2ics1o1h,60,171.0,M,1961-08-16 18:53:20
236,Judith,Walles,judithwalles@wanayou.com,ll5W5ase,62,171.0,M,1959-07-02 11:47:50
237,Brian,Marc,brianmarc@wanayou.com,ac3rM0,62,184.0,F,1959-08-18 00:04:35
238,John,Zender,johnzender@wanayou.com,eZr4n77ed,63,177.0,F,1958-04-12 16:56:52
239,Mark,Hall,markhall@wanayou.com,a5lH9l,64,177.0,F,1957-12-28 12:50:10
240,Esther,Rainey,estherrainey@wanayou.com,yn2Rea1i,65,167.0,F,1956-06-12 00:30:46
241,Violet,Doan,violetdoan@wanayou.com,6n6oaD2,65,167.0,M,1956-07-26 12:55:30
242,Ellis,Casagrande,elliscasagrande@wanayou.com,2daCar8neas9g,65,173.0,M,1956-06-28 00:34:23
243,Sabrina,Campbell,sabrinacampbell@wanayou.com,33lelb7mpCa,66,183.0,M,1955-09-27 10:53:04
244,Stephanie,Finley,stephaniefinley@wanayou.com,l62Fney9i,67,185.0,F,1954-05-09 18:29:32
245,Trina,Higa,trinahiga@wanayou.com,g3aH14i,67,174.0,F,1954-05-16 13:46:52
246,Allison,Bryan,allisonbryan@wanayou.com,B9ry1n5a,68,176.0,M,1953-08-11 22:06:40
247,Walter,Bravo,walterbravo@wanayou.com,B2o5vra8,69,179.0,M,1952-07-15 19:29:36
248,Louella,Mueller,louellamueller@wanayou.com,9el4lerMu4,70,170.0,F,1951-06-09 20:56:11
249,William,Martinez,williammartinez@wanayou.com,aM1e5tni3zr,72,177.0,F,1949-05-16 12:46:21
250,Gladys,Jackson,gladysjackson@wanayou.com,k20ans9coJ,72,168.0,M,1949-01-24 17:54:08
251,Paul,Simon,paulsimon@wanayou.com,nm3Si5o3,72,179.0,M,1949-04-27 05:40:13
252,Justin,Mcgowan,justinmcgowan@wanayou.com,9wcaonM2g,74,178.0,F,1947-02-13 12:22:32
